batch_size,time_elapsed
10,2584.907561779022
25,2604.0463511943817
50,2651.810141324997
100,2682.5423698425293
250,2725.840437889099
500,2970.516882419586
